Link;Mês e Ano;Data;Valor Previsto (R$);Valor Realizado (R$);Descrição;Arquivo
https://drive.google.com/open?id=1OhFHecGPcmXKmE0WC7L-UbbjGQF_8zfD&usp=drive_copy;01/2023;19/01/2023;644.235,00;644.235,00;128 Duodécimo 19/01/2023 R$. 644.235,00;Repasses\2023\Repasse 01-2023 - 128 Duodécimo 19-01-2023 R$. 644.235,00.pdf
https://drive.google.com/open?id=1-zGd1OC3l-Ua9cbzeXl7bC3SHXR8un93&usp=drive_copy;02/2023;19/02/2023;644.235,00;644.235,00;128 Duodécimo 19/02/2023 R$. 644.235,00;Repasses\2023\Repasse 02-2023 - 128 Duodécimo 19-02-2023 R$. 644.235,00.pdf
https://drive.google.com/open?id=1ZvFJTPQ0aebyAUCZCcKLldNZTjx61e8R&usp=drive_copy;03/2023;20/03/2023;659.235,00;659.235,00;128 Duodécimo 20/03/2023 R$. 659.235,00;Repasses\2023\Repasse 03-2023 - 128 Duodécimo 20-03-2023 R$. 659.235,00.pdf
https://drive.google.com/open?id=15xviUFrdRwy9i3c54r4FRAgaGN1e95WC&usp=drive_copy;04/2023;20/04/2023;659.235,00;659.235,00;128 Duodécimo 20/04/2023 R$. 659.235,00;Repasses\2023\Repasse 04-2023 - 128 Duodécimo 20-04-2023 R$. 659.235,00.pdf
https://drive.google.com/open?id=1iTUEY0gRWwVR-qerOiI_u8t4xOW061X1&usp=drive_copy;05/2023;19/05/2023;659.235,00;659.235,00;128 Duodécimo 19/05/2023 R$. 659.235,00;Repasses\2023\Repasse 05-2023 - 128 Duodécimo 19-05-2023 R$. 659.235,00.pdf
https://drive.google.com/open?id=1suRVkNqUi40uu2kTCPwXrrvZ56U2j9HP&usp=drive_copy;06/2023;20/06/2023;659.235,00;659.235,00;128 Duodécimo 20/06/2023 R$. 659.235,00;Repasses\2023\Repasse 06-2023 - 128 Duodécimo 20-06-2023 R$. 659.235,00.pdf
https://drive.google.com/open?id=1JJDUGNRVgwqSdxreoe-DmGlCaE1VNdUe&usp=drive_copy;07/2023;20/07/2023;659.235,00;659.235,00;128 Duodécimo 20/07/2023 R$. 659.235,00;Repasses\2023\Repasse 07-2023 - 128 Duodécimo 20-07-2023 R$. 659.235,00.pdf
https://drive.google.com/open?id=172Zh2ahaoSal2LA22wy9aw9JjPIK0wBl&usp=drive_copy;08/2023;20/08/2023;659.235,00;659.235,00;128 Duodécimo 20/08/2023 R$. 659.235,00;Repasses\2023\Repasse 08-2023 - 128 Duodécimo 20-08-2023 R$. 659.235,00.pdf
https://drive.google.com/open?id=1jDh6eLkiyL7bA5zdI_nepN-H7COQKo4x&usp=drive_copy;09/2023;20/09/2023;664.235,00;664.235,00;128 Duodécimo 20/09/2023 R$. 664.235,00;Repasses\2023\Repasse 09-2023 - 128 Duodécimo 20-09-2023 R$. 664.235,00.pdf
https://drive.google.com/open?id=1uYWsTpIlZ-sTlS1W-Qn1FrVFNaM2fl8L&usp=drive_copy;10/2023;20/10/2023;664.235,00;664.235,00;128 Duodécimo 20/10/2023 R$. 664.235,00;Repasses\2023\Repasse 10-2023 - 128 Duodécimo 20-10-2023 R$. 664.235,00.pdf
https://drive.google.com/open?id=18KY4OQbbbE7oO4MascLc2xJfQWZaOGyP&usp=drive_copy;11/2023;20/11/2023;664.235,00;664.235,00;128 Duodécimo 20/11/2023 R$. 664.235,00;Repasses\2023\Repasse 11-2023 - 128 Duodécimo 20-11-2023 R$. 664.235,00.pdf
https://drive.google.com/open?id=1aQY-zXSYrKtsC0fmKwaoIMvRYhl496q1&usp=drive_copy;12/2023;20/12/2023;714.235,00;714.235,00;128 Duodécimo 20/12/2023 R$. 714.235,00;Repasses\2023\Repasse 12-2023 - 128 Duodécimo 20-12-2023 R$. 714.235,00.pdf
https://drive.google.com/open?id=1byPLs2VsitPdGq58r6DO2JF9XmQc8juY&usp=drive_copy;01/2024;19/01/2024;714.235,00;714.235,00;128 Duodécimo 19/01/2024 R$. 714.235,00;Repasses\2024\Repasse 01-2024 - 128 Duodécimo 19-01-2024 R$. 714.235,00.pdf
https://drive.google.com/open?id=1sn9_UjAnG6kqu64ERIfZ10_-2e_L8q3g&usp=drive_copy;02/2024;20/02/2024;670.000,00;670.000,00;128 Duodécimo 20/02/2024 R$. 670.000,00;Repasses\2024\Repasse 02-2024 - 128 Duodécimo 20-02-2024 R$. 670.000,00.pdf
https://drive.google.com/open?id=1dm2InIWg5pOVxeydcwQYt4chQBRcXMDE&usp=drive_copy;03/2024;20/03/2024;670.000,00;670.000,00;128 Duodécimo 20/03/2024 R$. 670.000,00;Repasses\2024\Repasse 03-2024 - 128 Duodécimo 20-03-2024 R$. 670.000,00.pdf
https://drive.google.com/open?id=1WlvwZVgWh81ms-8B3nUMB15i4qeYFrPI&usp=drive_copy;04/2024;19/04/2024;670.000,00;670.000,00;128 Duodécimo 19/04/2024 R$. 670.000,00;Repasses\2024\Repasse 04-2024 - 128 Duodécimo 19-04-2024 R$. 670.000,00.pdf
https://drive.google.com/open?id=1vHiDm7iZItWn6hpbGLD_Unjy18m0zPIn&usp=drive_copy;05/2024;20/05/2024;670.000,00;670.000,00;128 Duodécimo 20/05/2024 R$. 670.000,00;Repasses\2024\Repasse 05-2024 - 128 Duodécimo 20-05-2024 R$. 670.000,00.pdf
https://drive.google.com/open?id=1Vml3NHZvJBXQM0VlPzc93Ja7V0IS9T9-&usp=drive_copy;06/2024;20/06/2024;670.000,00;670.000,00;128 Duodécimo 20/06/2024 R$. 670.000,00;Repasses\2024\Repasse 06-2024 - 128 Duodécimo 20-06-2024 R$. 670.000,00.pdf
https://drive.google.com/open?id=1k7WIretJboaNs9nf90zwinwltBRQDiuB&usp=drive_copy;07/2024;19/07/2024;670.000,00;670.000,00;128 Duodécimo 19/07/2024 R$. 670.000,00;Repasses\2024\Repasse 07-2024 - 128 Duodécimo 19-07-2024 R$. 670.000,00.pdf
https://drive.google.com/open?id=1CQ1V5ShAkhgY7gqsSpOzXovt6WAF0k2T&usp=drive_copy;08/2024;20/08/2024;670.000,00;670.000,00;128 Duodécimo 20/08/2024 R$. 670.000,00;Repasses\2024\Repasse 08-2024 - 128 Duodécimo 20-08-2024 R$. 670.000,00.pdf
https://drive.google.com/open?id=1LZiLF_VjnPqtjBqKTCoUXc4HzZNQdzR-&usp=drive_copy;09/2024;20/09/2024;681.000,00;681.000,00;128 Duodécimo 20/09/2024 R$. 681.000,00;Repasses\2024\Repasse 09-2024 - 128 Duodécimo 20-09-2024 R$. 681.000,00.pdf
https://drive.google.com/open?id=1ioZe6B05L6lTx22L3MvB_7wxYLwP_Ypr&usp=drive_copy;10/2024;18/10/2024;681.000,00;681.000,00;128 Duodécimo 18/10/2024 R$. 681.000,00;Repasses\2024\Repasse 10-2024 - 128 Duodécimo 18-10-2024 R$. 681.000,00.pdf
https://drive.google.com/open?id=1VbpedlbNFFh4ScF1mtsQpg33BemxY6xW&usp=drive_copy;11/2024;19/11/2024;681.000,00;681.000,00;128 Duodécimo 19/11/2024 R$. 681.000,00;Repasses\2024\Repasse 11-2024 - 128 Duodécimo 19-11-2024 R$. 681.000,00.pdf
https://drive.google.com/open?id=1PQZZWyOhj5ChIQ1MPTlutzQu__DZryP7&usp=drive_copy;12/2024;20/12/2024;680.000,00;680.000,00;128 Duodécimo 20/12/2024 R$. 680.000,00;Repasses\2024\Repasse 12-2024 - 128 Duodécimo 20-12-2024 R$. 680.000,00.pdf
https://drive.google.com/open?id=1QyszH45NtWntiiqDhzdANqww_wOKB7mg&usp=drive_copy;01/2020;21/01/2020;525.000,00;525.000,00;128 Duodécimo 21/01/2020 R$. 525.000,00;Repasses\2020\Repasse 01-2020 - 128 Duodécimo 21-01-2020 R$. 525.000,00.pdf
https://drive.google.com/open?id=1RNCxiGLdfwa86gwkrBVAEKB2Mhgtwl4X&usp=drive_copy;02/2020;20/02/2020;525.000,00;525.000,00;128 Duodécimo 20/02/2020 R$. 525.000,00;Repasses\2020\Repasse 02-2020 - 128 Duodécimo 20-02-2020 R$. 525.000,00.pdf
https://drive.google.com/open?id=1DI56BYrh1asL4UA4xiuElXAsyksvHBMb&usp=drive_copy;03/2020;20/03/2020;525.000,00;525.000,00;128 Duodécimo 20/03/2020 R$. 525.000,00;Repasses\2020\Repasse 03-2020 - 128 Duodécimo 20-03-2020 R$. 525.000,00.pdf
https://drive.google.com/open?id=1_zxGJSsgE34ASF0gmNLyHaANtxqBJoRg&usp=drive_copy;04/2020;20/04/2020;525.000,00;525.000,00;128 Duodécimo 20/04/2020 R$. 525.000,00;Repasses\2020\Repasse 04-2020 - 128 Duodécimo 20-04-2020 R$. 525.000,00.pdf
https://drive.google.com/open?id=1BGBhAt8nEThzp9sv9Z7ud7VROnG5XqBK&usp=drive_copy;05/2020;20/05/2020;525.000,00;525.000,00;128 Duodécimo 20/05/2020 R$. 525.000,00;Repasses\2020\Repasse 05-2020 - 128 Duodécimo 20-05-2020 R$. 525.000,00.pdf
https://drive.google.com/open?id=1_ZHRhajLir2wyGInhebj-EAzE3o_a3W2&usp=drive_copy;06/2020;19/06/2020;525.000,00;525.000,00;128 Duodécimo 19/06/2020 R$. 525.000,00;Repasses\2020\Repasse 06-2020 - 128 Duodécimo 19-06-2020 R$. 525.000,00.pdf
https://drive.google.com/open?id=1K_lppPSsiDG6qL_2i9dghIKsMqH6N7If&usp=drive_copy;07/2020;20/07/2020;525.000,00;525.000,00;128 Duodécimo 20/07/2020 R$. 525.000,00;Repasses\2020\Repasse 07-2020 - 128 Duodécimo 20-07-2020 R$. 525.000,00.pdf
https://drive.google.com/open?id=1PxmqC4WUTXUyhRTVC2PQW0Q1QQFlNymM&usp=drive_copy;08/2020;20/08/2020;525.000,00;525.000,00;128 Duodécimo 20/08/2020 R$. 525.000,00;Repasses\2020\Repasse 08-2020 - 128 Duodécimo 20-08-2020 R$. 525.000,00.pdf
https://drive.google.com/open?id=1HQi0Vdp6NzOhSlj1elZ0cH7kajjAyte2&usp=drive_copy;09/2020;18/09/2020;525.000,00;525.000,00;128 Duodécimo 18/09/2020 R$. 525.000,00;Repasses\2020\Repasse 09-2020 - 128 Duodécimo 18-09-2020 R$. 525.000,00.pdf
https://drive.google.com/open?id=1xRbKxX27borgBOF6zI2UOclx556QUAQo&usp=drive_copy;10/2020;20/10/2020;525.000,00;525.000,00;128 Duodécimo 20/10/2020 R$. 525.000,00;Repasses\2020\Repasse 10-2020 - 128 Duodécimo 20-10-2020 R$. 525.000,00.pdf
https://drive.google.com/open?id=1Jci0pn0XxezskEa1JOj4ujSktpY4tnL5&usp=drive_copy;11/2020;20/11/2020;525.000,00;525.000,00;128 Duodécimo 20/11/2020 R$. 525.000,00;Repasses\2020\Repasse 11-2020 - 128 Duodécimo 20-11-2020 R$. 525.000,00.pdf
https://drive.google.com/open?id=1vRrnq22NSMm8fJP9f7znS2sk7e0IdXCF&usp=drive_copy;12/2020;21/12/2020;525.000,00;525.000,00;128 Duodécimo 21/12/2020 R$. 525.000,00;Repasses\2020\Repasse 12-2020 - 128 Duodécimo 21-12-2020 R$. 525.000,00.pdf
https://drive.google.com/open?id=1Sq884T2LOZXaTOWUvaUipigWnOFo03dq&usp=drive_copy;01/2021;;525.000,00;525.000,00;;Repasses\2021\Repasse 01-2021.pdf
https://drive.google.com/open?id=1Uk4vSh4oDxmG2mpI6pSu7WxNeU8zuPfS&usp=drive_copy;02/2021;;525.000,00;525.000,00;;Repasses\2021\Repasse 02-2021.pdf
https://drive.google.com/open?id=1kFFNyUkt5RsdjrP72ryt_yHDZuc1gpe4&usp=drive_copy;03/2021;;525.000,00;525.000,00;;Repasses\2021\Repasse 03-2021.pdf
https://drive.google.com/open?id=1XQeYOQIM3ygR2BhS2xRIbow5zlYhVOrn&usp=drive_copy;04/2021;;525.000,00;525.000,00;;Repasses\2021\Repasse 04-2021.pdf
https://drive.google.com/open?id=15uVxY2XIfDE9YbzSE6ARlUCYzoqJ64lG&usp=drive_copy;05/2021;;525.000,00;525.000,00;;Repasses\2021\Repasse 05-2021.pdf
https://drive.google.com/open?id=1P-YC8FVruXsm8wukzE9KpzWykbucA24i&usp=drive_copy;06/2021;;525.000,00;525.000,00;;Repasses\2021\Repasse 06-2021.pdf
https://drive.google.com/open?id=1yyQUjaGgqxZpIGCn9mk6LhfpsmLRkJSL&usp=drive_copy;07/2021;;525.000,00;525.000,00;;Repasses\2021\Repasse 07-2021.pdf
https://drive.google.com/open?id=1XEwWe_6GsdGDAXFJhOoUeSLjWxVvxJMc&usp=drive_copy;08/2021;;525.000,00;525.000,00;;Repasses\2021\Repasse 08-2021.pdf
https://drive.google.com/open?id=1RedFSGC9nOglXrrHgf7g3gCXojoT1fZE&usp=drive_copy;09/2021;;525.000,00;525.000,00;;Repasses\2021\Repasse 09-2021.pdf
https://drive.google.com/open?id=1iSn-gJSSGR9GufuhIGlUfGLm6ukr73bG&usp=drive_copy;10/2021;;525.000,00;525.000,00;;Repasses\2021\Repasse 10-2021.pdf
https://drive.google.com/open?id=12mqG3M_iEGC2_jzOcAvcZULyf6DgJ-Vm&usp=drive_copy;11/2021;;525.000,00;525.000,00;;Repasses\2021\Repasse 11-2021.pdf
https://drive.google.com/open?id=14l42BRZYMBq-RxEs7lML_74f5sFk_mI6&usp=drive_copy;12/2021;;525.000,00;525.000,00;;Repasses\2021\Repasse 12-2021.pdf
https://drive.google.com/open?id=1jZWwd3f1ZiiOj6rN1aVYSrqwzfWDwx6C&usp=drive_copy;01/2022;;570.000,00;570.000,00;;Repasses\2022\Repasse 01-2022.pdf
https://drive.google.com/open?id=1IkC2Q8fJcPUz6ijzt2dTsWGvibD1ke4g&usp=drive_copy;02/2022;;570.000,00;570.000,00;;Repasses\2022\Repasse 02-2022.pdf
https://drive.google.com/open?id=1eejI519X-opVOc_ULqPgisdrNhqG0MTL&usp=drive_copy;03/2022;;570.000,00;570.000,00;;Repasses\2022\Repasse 03-2022.pdf
https://drive.google.com/open?id=1DSxhT7Z9wkQqXl7r2S7-mRGQd3lCwygV&usp=drive_copy;04/2022;;570.000,00;570.000,00;;Repasses\2022\Repasse 04-2022.pdf
https://drive.google.com/open?id=169vmlMb6HUFWojKeoXMTF6zVrQEPkGYk&usp=drive_copy;05/2022;;570.000,00;570.000,00;;Repasses\2022\Repasse 05-2022.pdf
https://drive.google.com/open?id=1TSTDJRo86Bo-QjtyJ1t9ajm34IBRWzCk&usp=drive_copy;06/2022;;570.000,00;570.000,00;;Repasses\2022\Repasse 06-2022.pdf
https://drive.google.com/open?id=1AYozqvYTsljI8zBCHyneDo9q9GVHU7ph&usp=drive_copy;07/2022;;570.000,00;570.000,00;;Repasses\2022\Repasse 07-2022.pdf
https://drive.google.com/open?id=1h4QJYALjKSlo3O-A9TcsBAMOzk6WCSvM&usp=drive_copy;08/2022;;570.000,00;570.000,00;;Repasses\2022\Repasse 08-2022.pdf
https://drive.google.com/open?id=1z26vImAgVK1c4x0tItDmvkBh1v0Zs4OO&usp=drive_copy;09/2022;20/09/2022;570.000,00;570.000,00;128 Duodécimo 20/09/2022 R$. 570.000,00;Repasses\2022\Repasse 09-2022 - 128 Duodécimo 20-09-2022 R$. 570.000,00.pdf
https://drive.google.com/open?id=1JVtMhB9NgcJOg3um0wU4gZiNdwEU083o&usp=drive_copy;10/2022;20/10/2022;570.000,00;570.000,00;128 Duodécimo 20/10/2022 R$. 570.000,00;Repasses\2022\Repasse 10-2022 - 128 Duodécimo 20-10-2022 R$. 570.000,00.pdf
https://drive.google.com/open?id=1yQzhDFtVd-u3fGaQ68TLDH1XrhiiIznR&usp=drive_copy;11/2022;18/11/2022;570.000,00;570.000,00;128 Duodécimo 18/11/2022 R$. 570.000,00;Repasses\2022\Repasse 11-2022 - 128 Duodécimo 18-11-2022 R$. 570.000,00.pdf
https://drive.google.com/open?id=1Ye6EGDmSFbYTtwBiOvPSq4yN982JEpRz&usp=drive_copy;12/2022;09/12/2022;280.000,00;280.000,00;128 Duodécimo 09/12/2022 R$. 280.000,00;Repasses\2022\Repasse 12-2022 - 128 Duodécimo 09-12-2022 R$. 280.000,00.pdf
